match_id,home,away,lam_home,lam_away,pool_v1,market,selection,line,odds,bookmaker,q_market,p_v1,score_60,score_final
KHL-2026-09-29-02,ЦСКА,СКА,2.82,2.14,Главное,TOTAL,U,5.5,1.76,FONBET,0.5417,0.6232,6:5,6:5
KHL-2026-09-29-02,ЦСКА,СКА,2.82,2.14,Надёжное,DC,1X,,1.32,,,0.707,6:5,6:5
KHL-2026-09-29-02,ЦСКА,СКА,2.82,2.14,Смелое,1X2,1,,1.91,,,0.529,6:5,6:5
KHL-2026-09-30-01,Автомобилист,Лада,3.15,1.70,Главное,1X2,1,,1.60,FONBET,0.5952,0.6635,3:1,3:1
KHL-2026-09-30-01,Автомобилист,Лада,3.15,1.70,Надёжное,DC,1X,,1.18,,,0.818,3:1,3:1
KHL-2026-09-30-01,Автомобилист,Лада,3.15,1.70,Смелое,HCP,1,-1.5,2.05,,,0.478,3:1,3:1
KHL-2026-09-30-02,Ак Барс,Барыс,3.40,1.55,Главное,1X2,1,,1.48,Winline,0.6435,0.7283,4:1,4:1
KHL-2026-09-30-02,Ак Барс,Барыс,3.40,1.55,Надёжное,DC,1X,,1.14,,,0.862,4:1,4:1
KHL-2026-09-30-02,Ак Барс,Барыс,3.40,1.55,Смелое,HCP,1,-1.5,1.85,,,0.532,4:1,4:1
KHL-2026-09-30-03,Локомотив,Сибирь,2.80,1.40,Главное,TOTAL,U,4.5,1.90,FONBET,0.5013,0.5932,2:1,2:1
KHL-2026-09-30-03,Локомотив,Сибирь,2.80,1.40,Надёжное,DC,1X,,1.16,,,0.831,2:1,2:1
KHL-2026-09-30-03,Локомотив,Сибирь,2.80,1.40,Смелое,1X2,1,,1.55,,,0.667,2:1,2:1
KHL-2026-09-30-04,ХК Сочи,Салават Юлаев,1.95,3.10,Главное,TOTAL,U,5.5,1.85,FONBET,0.5149,0.6068,3:2,3:2
KHL-2026-09-30-04,ХК Сочи,Салават Юлаев,1.95,3.10,Надёжное,DC,X2,,1.20,,,0.774,3:2,3:2
KHL-2026-09-30-04,ХК Сочи,Салават Юлаев,1.95,3.10,Смелое,1X2,2,,1.68,,,0.613,3:2,3:2
KHL-2026-09-30-05,Шанхайские Драконы,Металлург Мг,2.10,3.35,Главное,1X2,2,,1.70,Winline,0.5602,0.6223,4:1,4:1
KHL-2026-09-30-05,Шанхайские Драконы,Металлург Мг,2.10,3.35,Надёжное,DC,X2,,1.22,,,0.776,4:1,4:1
KHL-2026-09-30-05,Шанхайские Драконы,Металлург Мг,2.10,3.35,Смелое,HCP,2,-1.5,2.18,,,0.431,4:1,4:1
KHL-2026-09-30-06,Спартак,Трактор,2.85,2.35,Главное,TOTAL,U,5.5,1.86,FONBET,0.5121,0.5802,2:4,2:4
KHL-2026-09-30-06,Спартак,Трактор,2.85,2.35,Надёжное,DC,1X,,1.29,,,0.674,2:4,2:4
KHL-2026-09-30-06,Спартак,Трактор,2.85,2.35,Смелое,ML_OT,2,,2.65,,,0.408,2:4,2:4
